/*
SQLyog Ultimate v12.08 (64 bit)
MySQL - 5.7.24 : Database - bookstore_books
*********************************************************************
*/

/*!40101 SET NAMES utf8 */;

/*!40101 SET SQL_MODE=''*/;

/*!40014 SET @OLD_UNIQUE_CHECKS=@@UNIQUE_CHECKS, UNIQUE_CHECKS=0 */;
/*!40014 SET @OLD_FOREIGN_KEY_CHECKS=@@FOREIGN_KEY_CHECKS, FOREIGN_KEY_CHECKS=0 */;
/*!40101 SET @OLD_SQL_MODE=@@SQL_MODE, SQL_MODE='NO_AUTO_VALUE_ON_ZERO' */;
/*!40111 SET @OLD_SQL_NOTES=@@SQL_NOTES, SQL_NOTES=0 */;
CREATE DATABASE /*!32312 IF NOT EXISTS*/`bookstore_books` /*!40100 DEFAULT CHARACTER SET utf8 */;

USE `bookstore_books`;

/*Table structure for table `sys_book` */

DROP TABLE IF EXISTS `sys_book`;

CREATE TABLE `sys_book` (
  `id` int(11) NOT NULL AUTO_INCREMENT COMMENT '主键自增长字段',
  `book_name` varchar(50) DEFAULT NULL COMMENT '图书名称',
  `isbn` char(13) DEFAULT NULL,
  `author` varchar(20) DEFAULT NULL COMMENT '书本作者',
  `publisher` varchar(50) DEFAULT NULL COMMENT '出版社',
  `price` int(11) DEFAULT NULL COMMENT '图书价格',
  `create_time` datetime DEFAULT NULL COMMENT '上架时间',
  `t_id` int(11) DEFAULT NULL COMMENT '分类表的外键字段',
  `main_cover` varchar(200) DEFAULT NULL COMMENT '图书主封面',
  `description` text COMMENT '描述信息',
  PRIMARY KEY (`id`),
  KEY `BOOK_TID_TYPE` (`t_id`),
  CONSTRAINT `BOOK_TID_TYPE` FOREIGN KEY (`t_id`) REFERENCES `sys_book_type` (`id`)
) ENGINE=InnoDB AUTO_INCREMENT=43 DEFAULT CHARSET=utf8;

/*Data for the table `sys_book` */

insert  into `sys_book`(`id`,`book_name`,`isbn`,`author`,`publisher`,`price`,`create_time`,`t_id`,`main_cover`,`description`) values (1,'算法导论','9787111407010','Thomas H.Cormen','机械工业出版社',89,'2020-10-01 15:35:00',1,'https://img.alicdn.com/imgextra/i3/2451699564/TB2NCz5sVXXXXXhXFXXXXXXXXXX_!!2451699564.jpg_430x430q90.jpg','在有关算法的书中，有一些叙述非常严谨，但不够全面；另一些涉及了大量的题材，但又缺乏严谨性。本书将严谨性和全面性融为一体，深入讨论各类算法，并着力使这些算法的设计和分析能为各个层次的读者接受。全书各章自成体系，可以作为独立的学习单元；算法以英语和伪代码的形式描述，具备初步程序设计经验的人就能看懂；说明和解释力求浅显易懂，不失深度和数学严谨性。\r\n全书选材经典、内容丰富、结构合理、逻辑清晰，对本科生的数据结构课程和研究生的算法课程都是非常实用的教材，在IT专业人员的职业生涯中，本书也是一本案头必备的参考书或工程实践手册。\r\n第3版的主要变化：\r\n·新增了van Emde Boas树和多线程算法，并且将矩阵基础移至附录。\r\n·修订了递归式（现在称为“分治策略”）那一章的内容，更广泛地覆盖分治法。\r\n·移除两章很少讲授的内容：二项堆和排序网络。\r\n·修订了动态规划和贪心算法相关内容。\r\n·流网络相关材料现在基于边上的全部流。\r\n·由于关于矩阵基础和Strassen算法的材料移到了其他章，矩阵运算这一章的内容所占篇幅更小。\r\n·修改了对Knuth-Morris-Pratt字符串匹配算法的讨论。\r\n·新增100道练习和28道思考题，还更新并补充了参考文献。'),(2,'Spring Cloud Alibaba 微服务原理与实战','9787121388248','谭锋','电子工业出版社',106,'2020-10-01 15:35:00',1,'https://img.alicdn.com/imgextra/i3/288902762/O1CN01Bznidn1WH2XUXELCk_!!0-item_pic.jpg_430x430q90.jpg','本书针对Spring Cloud Alibba生态下的技术组件从应用到原理进行全面的分析，涉及的技术组件包括分布式服务治理Dubbo、服务配置和服务注册中心Nacos、分布式限流与熔断Sentinel、分布式消息通信RocketMQ、分布式事务Seata及微服务网关Spring Cloud Gateway。由于Spring Cloud中所有的技术组件都是基于Spring Boot微服务框架来集成的，所以对于Spring Boot的核心原理也做了比较详细的分析。\r\n\r\n本书中涉及的所有技术组件，笔者都采用“场景→需求→解决方案→应用→原理”高效技术学习模型进行设计，以便让读者知其然且知其所以然。在“原理”部分，笔者采用大量的源码及图形的方式来进行分析，帮助读者达到对技术组件深度学习和理解的目标。'),(3,'深入理解Java虚拟机','9787111421900','周志明','机械工业出版社',79,'2020-10-01 15:35:00',1,'https://img.alicdn.com/imgextra/i4/2451699564/O1CN01giaKdB2KWMYQj6XOJ_!!2451699564.jpg_430x430q90.jpg','书的第2版出版于2013年，撰写时是基于早期版本的JDK 7。经过将近十年的时间，今天JDK版本已经发展到了JDK 12及预览版的JDK 13，出现了许多激烈的变革，也涌现了不少令人欣喜的新变化、新风潮。因此笔者在撰写本书第3版时，希望能把这些新的变化融合到已有的知识框架上。全书一共分为五个部分：走近Java、自动内存管理、虚拟机执行子系统、程序编译与代码优化、高效并发。各个部分之间基本上是互相独立的，没有必然的前后依赖，读者可以从任何一个感兴趣的专题开始阅读，但是每个部分中的各个章节间则有先后顺序。同时，在前言部分列出了每章主要更新的内容，以便阅读过第2版的读者可以快速定位获取到新的知识。'),(4,'Spring Boot+Vue全栈开发实战','9787302517979','王松','清华大学出版社',69,'2020-10-01 15:35:00',1,'https://img.alicdn.com/imgextra/i4/2649526171/O1CN01urG1AV1vSMcEV5nWM_!!2649526171.jpg_430x430q90.jpg','本书以项目实战为主体，循序渐进地介绍了Spring Boot 2.0在Web应用开发方面的各项技能。第1章由零开始引导读者快速搭建Spring Boot开发环境，对之后Spring Boot的探险之旅奠定基础。第2章、第3章、第10章和第13章介绍Spring Boot数据访问应用，整合众多流行技术Spring Boot集成Druid、Spring Data JPA和MyBatis，快速访问MySQL和Mongo DB数据库。第4~6章重点介绍Spring Boot集成Thymeleaf模板引擎、事务使用以及拦截器和监听器的应用。第7~9章主要介绍Spring Boot使用Redis缓存和Quartz定时器、集成Log4J日志框架和发送Email邮件。第11、12章主要介绍Spring Boot集成ActiveMQ和异步调用、全局异常使用。第14章和第15章主要介绍Spring Boot应用监控和应用安全Security。第16章和第17章介绍Spring boot微服务在Zookeeper注册和Dubbo的使用、多环境配置和使用以及在Tomcat上的部署应用。第18章主要探索Spring Boot背后的原理和执行流程。为帮助读者快速掌握Spring Boot，编者还录制了与本书内容相关的教学视频，读者下载后即可观看学习。'),(5,'深入浅出Vue.js','9787115509055','刘博文','人民邮电出版社',79,'2020-10-01 15:35:00',1,'https://img.alicdn.com/imgextra/i1/2451699564/O1CN01jqAEBz2KWMUVxLUj9_!!2451699564.jpg_430x430q90.jpg','本书从源码层面分析了Vue.js。首先，简要介绍了Vue.js；然后详细讲解了其内部核心技术“变化侦测”，这里带领大家从0到1实现一个简单的“变化侦测”系统；接着详细介绍了虚拟DOM技术，其中包括虚拟DOM的原理及其patching算法；紧接着详细讨论了模板编译技术，其中包括模板解析器的实现原理、优化器的原理以及代码生成器的原理；*后详细介绍了其整体架构以及提供给我们使用的各种API的内部原理，同时还介绍了生命周期、错误处理、指令系统与模板过滤器等功能的原理。 本书适合前端开发人员阅读。\r\n\r\n'),(6,'Node.js+Webpack开发实战','9787302555957','夏磊','清华大学出版社',69,'2020-09-28 11:22:00',1,'https://img.alicdn.com/imgextra/i3/2200707119547/O1CN01VcpAIK2KOZr49daIf_!!0-item_pic.jpg_430x430q90.jpg','\"Node.js是一个基于Chrome V8引擎的JavaScript运行环境，它用于构建高速、可伸缩的网络应用程序，为前端开发提供了新的机遇。为了让前端开发者 有效地使用Node.js进行开发，作者结合自己的开发经验编著了本书，全书提供了丰富的示例代码，详细讲述和演示了如何将所学的知识应用于实际的开发中。\r\n    本书分为三部分共21章， 部分Node.js基础：Node.js概述，搭建Node.js开发环境，Node.js编程基础；第二部分后端的Node.js：Express框架，Koa框架，MongoDB数据库，MySQL数据库，ORM框架Sequelize，微博系统实战项目，高性能内存型数据库Redis，前端的发展现状；第三部分前端的Node.js：前端发展状况，Webpack基础，Webpack常用配置，Webpack构建Vue应用，Webpack构建React应用，服务端渲染技术和同构应用的开发，Webpack构建传统多页面Web应用，Webpack性能优化，Webpack自定义Loader的编写，Webpack自定义Plugin的编写。\r\n    本书适合Node.js+Webpack前端开发工程师作为自学参考书，也适合高等院校和培训学校相关专业的师生作为教学参考书。'),(7,'深入浅出Node','9787115335500','朴灵','人民邮电出版社',69,'2020-09-28 11:23:00',1,'https://img.alicdn.com/imgextra/i4/2130152348/O1CN01QntL051TDQXXkunxf_!!0-item_pic.jpg_430x430q90.jpg','《深入浅出Node.js》从不同的视角介绍了Node内在的特点和结构。由首章Node介绍为索引，涉及Node的各个方面，主要内容包含模块机制的揭示、异步I/O实现原理的展现、异步编程的探讨、内存控制的介绍、二进制数据Buffer的细节、Node中的网络编程基础、Node中的Web开发、进程间的消息传递、Node测试以及通过Node构建产品需要的注意事项。最后的附录介绍了Node的安装、调试、编码规范和NPM仓库等事宜。 《深入浅出Node.js》适合想深入了解Node的人员阅读。\r\n\r\n'),(8,'SpringCloud微服务架构实战','9787121382864','陈韶健','电子工业出版社',99,'2020-09-28 11:24:00',1,'https://img.alicdn.com/imgextra/i2/381191231/O1CN01il5ylE1Kxq9OvgdUr_!!0-item_pic.jpg_430x430q90.jpg','本书以Spring Cloud为主导，以电商平台为实例，从服务架构设计的角度，对架构设计、程序开发、运维部署三个层面进行了详细的阐述。本书不仅详细介绍了如何使用Spring Cloud工具套件进行微服务应用的开发，还介绍了如何结合Consul、Docker、Kubernets和Jenkins等的使用方法，将开发的微服务应用以一种可扩展的方式在云端发布。通过对本书的系统学习，读者可快速将所掌握的知识应用于实际工作中，提高自身的职业竞争力。本书的读者对象为广大的Java开发者、系统架构师和系统运维人员。本书适合使用过Spring开源框架或具有一定Spring框架基础知识的读者阅读。'),(9,'RocketMQ技术内幕','9787111614210','丁威 周继锋','机械工业出版社',69,'2020-09-28 11:29:00',1,'https://img.alicdn.com/imgextra/i2/2397078731/O1CN01EqHHTp2EMqXQN7Ijy_!!0-item_pic.jpg_430x430q90.jpg','本书由RocketMQ社区早期的布道者和技术专家撰写，Apache RocketMQ创始人/Linux OpenMessaging创始人兼主席/Alibaba Messaging开源技术负责人冯嘉的高度评价并作序推荐。\r\n\r\n源码角度，本书对RocketMQ的核心技术架构，以及消息发送、消息存储、消息消费、消息过滤、顺序消息、主从同步(HA)、事务消息等主要功能模块的实现原理进行了深入分析，同时展示了源码阅读的相关技巧；应用层面，本书总结了大量RocketMQ的使用技巧。通过本书，读者将深入理解消息中间件和底层网络通讯机制的核心知识点。'),(10,'C++ Primer 英文版 ','9787121200380','Stanley B. Lippman','电子工业出版社',128,'2020-09-28 11:30:00',1,'https://img.alicdn.com/imgextra/i1/1932014659/O1CN011kHrjx7e93iBpUN_!!0-item_pic.jpg_430x430q90.jpg','　　新标准C++11发布，距上一版本已10年；《C++Primer英文版（第5版）》是持续更新的全球C++读本。\r\n　　经过前四个版本积累，第5版的体例堪称完美。\r\n　　这一版本作者历时3年完成，极力避免在原版上升级，而是将C++11的新特性真正融入各章节；更将所有代码示例用C++11的简化写法完成，而不是仅单独增加内容。'),(11,'数学分析华东师大 第五版 上册+下册','9787506762021','于莉萍 李智成','中国医药科技出版社',42,'2020-09-28 11:34:00',2,'https://img.alicdn.com/imgextra/i1/2451699564/O1CN01tOpC1a2KWMXsR0iZZ_!!2451699564.jpg_430x430q90.jpg','数学分析(第五版)(上册)  \r\n\r\n本书是“十二五”普通高等教育本科国jia*级规划教材。内容包括实数集与函数、数列极限、函数极限、函数的连续性、导数和微分、\r\n\r\n微分中值定理及其应用、 实数的完备性、不定积分、定积分、定积分的应用、反常积分，附录为微积分学简史、实数理论和不定积分表。\r\n本次修订是在第四版的基础上对一些内容进行适当调整，使该书逻辑性更合理些，并适当补充数字资源。第五版仍旧保持前四版“内容\r\n\r\n选取适当，深入浅出，易教易学，可读性强”的特点。本书可作为高等学校数学和其它相关专业的教材使用。\r\n\r\n数学分析(第五版)(下册)  \r\n\r\n本书是“十二五”普通高等教育本科国jia*级规划教材，普通高等教育十一五国jia*级规划教材和面向21世纪课程教材。内容包括数项级数\r\n\r\n、函数列与函数项级数、幂级数、傅里叶级数、多元函数的极限与连续、多元函数微分学、隐函数定理及其应用、含参量积分、\r\n\r\n曲线积分、重积分、曲面积分、向量函数的微分学等。本次修订是在第四版的基础上对一些内容进行适当调整，\r\n\r\n使教材逻辑性更合理，并适当补充数字资源。第五版仍旧保持前四版“内容选取适当，深入浅出，易教易学，可读性强”的特点。\r\n\r\n本书可作为高等学校数学和其它相关专业的教材使用。'),(12,'高等代数 第五版 北大五版','9787040379105','北京大学数学系前代数小组','高等教育出版社',26,'2020-09-28 11:34:00',2,'https://img.alicdn.com/imgextra/i2/2451699564/O1CN011ntHvJ2KWMWxa6yd8_!!0-item_pic.jpg_430x430q90.jpg','本书是第五版，基本上保持了第四版的内容，增加了几个应用例题，改写了矩阵的秩一节，补上了维特定理的证明，增加了附录四中有理标准形的内容，适当补充了数字资源。 本书主要内容是：多项式、行列式、线性方程组、矩阵、二次型、线性空间、线性变换、λ-矩阵、欧几里得空间、双线性函数与辛空间、总习题，附录包括关于连加号“∑”、整数的可除性理论、代数基本定理的证明、##-矩阵与矩阵相似标准形的几何理论。 本书适合作为高等学校数学类专业高等代数教材和教学参考书。'),(13,'离散数学及其应用','9787111642176','肯尼思·H. 罗森','机械工业出版社',79,'2020-09-28 11:35:00',2,'https://img.alicdn.com/imgextra/i1/2451699564/O1CN01IMeqrc2KWMY7z4btA_!!0-item_pic.jpg_430x430q90.jpg','本书是经典的离散数学教材，被全球数百所大学广为采用。本科教学版缩减了篇幅，保留的主要内容包括：逻辑和证明，集合、函数、序列、求和与矩阵，计数，关系，图，树，布尔代数。全书取材广泛，除包括定义、定理的严格陈述外，还配备大量的例题、图表、应用实例和练习。第8版做了与时俱进的更新，成为更加实用的教学工具。本书可作为高等院校数学、计算机科学和计算机工程等专业的教材，也可作为科技领域从业人员的参考书。'),(14,'数据结构 严蔚敏 C语言版','9787113170202','左飞','中国铁道出版社',55,'2020-09-28 11:38:00',1,'https://img.alicdn.com/imgextra/i4/2451699564/O1CN017NK9XJ2KWMaxu3OD8_!!0-item_pic.jpg_430x430q90.jpg','　　本书与清华大学出版社出版的《数据结构》(c语言版)一书相配套，主要内容有：习题与学习指导、实习题和部分习题的提示或答案三大部分和一个附录[“数据结构算法演示系统(类c描述语言3．1中文版)使用手册”，此软件已由清华大学出版社出版]。 \r\n　　其中习题篇的内容和《数据结构》(c语言版)一书相对应，也分为12章，每一章大致由基本内容、学习要点、算法演示内容及基础知识题和算法设计题五部分组成。实习题分成六组，每一组都有鲜明的主题，围绕1到2种数据结构，安排4到9个题，每个题都有明确的练习目的和要求，在每一组中都给出一个实习报告的范例，以供读者参考。 \r\n　　本书内容丰富、程序设汁观点新颖，在内容的详尽程度上接近课程辅导材料，不仅可作为大专院校的配套教材，也是广大丁程技术人员和自学读者颇有帮助的辅助教材。\r\n\r\n'),(15,'汇编语言程序设计（第5五版）','9787121315886','钱晓捷','电子工业出版社',52,'2020-09-28 11:40:00',1,'https://img.alicdn.com/imgextra/i3/1932014659/O1CN01qaQrxo1kHrr7VhnFe_!!1932014659.jpg_430x430q90.jpg','本书为“十二五”普通高等教育本科***规划教材，是***‐微软精品课程教学成果。本书以Intel 80x86指令系统和MASM 6.x为主体，共10章，分为基础和提高两部分。前5章为基础部分，以当前“汇编语言程序设计”课程的教学为目标，讲解16位基本整数指令及其汇编语言程序设计的知识，包括：汇编语言程序设计基础知识，8086指令详解，MASM伪指令和操作符，程序格式，程序结构及其设计方法。后5章为提高部分，介绍汇编语言程序设计的深入内容和实际应用知识，包括：32位80x86 CPU的整数指令系统及其编程，汇编语言与C/C++混合编程，80x87 FPU浮点指令系统及其编程，多媒体扩展指令系统及其编程，64位指令简介。本书可作为高等院校“汇编语言程序设计”课程的教材或参考书。本书内容广博、语言浅显、结构清晰、实例丰富，也适合电子信息、自动控制等专业的高校学生和成教学生、计算机应用开发人员、深入学习微机应用技术的普通读者阅读。'),(16,'单片机原理及应用 第4版','9787121320729','姜志海 黄玉清','电子工业出版社',40,'2020-09-28 11:40:00',1,'https://img.alicdn.com/imgextra/i1/1932014659/TB2zyMeXwoQMeJjy1XaXXcSsFXa_!!1932014659.jpg_430x430q90.jpg','《单片机原理及应用技术：基于C51的Proteus仿真及实板案例（第4版）/“十二五”职业教育国家规划教材》中系统地介绍了80C51系列单片机的原理及应用技术，较好地体现了应用型人才的培养要求，其特点为：着力片上资源、强化编程训练。尽管新型单片机芯片不断推出，但片上基本资源仍保持稳定。掌握单片机技术就是用应用程序调度单片机片内及扩展资源的工作。\r\n\r\n本书采用C51语言为编程工具讲述程序的设计方法与技巧，并将开发平台Vision的运用、Proteus软件仿真及实板验证贯穿教材的始终。适合教师讲授、易于学生阅读。本书选材规范，通俗易懂，每章都配有小结、思考题及实训内容。对教师提供配套课件。该教材在串行扩展、C51应用实践和Proteus仿真方面特色突出，反映了单片机应用技术的发展趋势。\r\n\r\n本书可以作为高职高专自动化、计算机、电气技术、应用电子技术以及机电一体化等专业的教材。'),(18,'Reinforcement Learning: An Introduction','9780262039246','Richard S Sutton','Bradford Book',644,'2020-12-05 20:39:50',1,'http://112.126.78.225/images/e6ec8585c164483bb2961832557a0162.jpg','强化学习是人工智能中最活跃的研究领域之一，它是一种计算学习方法。书中第一部分涵盖了多数的强化学习，可以帮助学习者找到明确的解决方案。其中的许多算法是第二版才有的新算法，包括UCB、EXPECTED SARSA和\nDOUBLELEARNING。第二部分将这些思想扩展到函数逼近，并在人工神经网络和傅立叶基础等主题上\n增加了新的章节，提供了对离策略学习和策略梯度方法的扩展处理。第三部分是有关强化学习与心理学和神经科学的关系的新章节，以及案例研究章节，包括ALPHAGO和ALPHAGO ZERO、ATARI GAME PLAYING和IBM\nWATSON的投注策略。最后一章讨论了强化学习的未来社会影响。'),(19,'马拉多纳自传：我的世界杯','9787544773164','[阿根廷] 迭戈·马拉多纳 著，吴寒 译','译林出版社',37,'2020-12-05 20:55:16',6,'http://112.126.78.225/images/4b8023c81c8a49ce98826236a52efec5.jpg','2000年，在国际足联评选“世纪球员”的过程中，贝利获得足协官员、记者和教练的投票当选。而在足联举办的球迷网络投票中，马拉多纳获得了53.6%的压倒性选票，贝利获得18.5%，尤 西比奥得了6.2%，罗伯特·巴乔获得5.4%。最终，马拉多纳和贝利共同当选。\n1986年，作为国家队队长，马拉多纳带领阿根廷夺取大力神杯。此届墨西哥世界杯的夺冠之旅，也是马拉多纳的自我证明之路，他向全世界球迷证明了他是当时世界上一流的球员。\n在对阵英格兰队的比赛中，阿根廷队2比1获胜，马拉多纳攻入两球。他的“上帝之手”和带球连过5人的传奇进球，被载入史册。\n在这本自传中，马拉多纳回忆了墨西哥世界杯的夺冠之路，复盘了关键比赛和精彩进球，坦白了“上帝之手”的背后真相。\n在这段回忆里，马拉多纳再现了自己闪耀的青春，也道出了他对足球的热爱。'),(20,'艺术博物馆 [The Art Museum]','9787535680174','王燕飞 等 译，张欣 等 校','英国费顿出版社',1663,'2020-12-05 21:00:49',10,'http://112.126.78.225/images/a0d9887f22ea42c39393d8ddf335c6d4.jpg','这是一座虚拟的艺术博物馆，由英国费顿出版社（Phaidon Press）创建并策展，收藏了人类为精美的艺术品，且不受实际空间的限制。约3000件绘画、雕塑、湿壁画、摄影、挂毯、浮雕饰带、装置艺术、行为艺术、影像艺术、木版画、丝网版画、陶瓷和手抄本等荟萃一堂，讲述世界艺术的历史。\n徜徉于25个展馆，在陈列着旷世杰作的452个展厅中度过美好时光。这些艺术品有的妇孺皆知，有的默默无闻，搜罗自世界各地的公共和私人收藏。你可以驻足于宽敞的走廊，或参观具体的展览，从我们的收藏中选取作品呈现特定的主题和内容。\n达?芬奇的《蒙娜丽莎》、伦勃朗杰出的自画像、委拉斯凯兹的《宫娥》、毕加索的《格尔尼卡》、中国的陶瓷、葛饰北斋的木版画、秘鲁的金器、拉斯科洞窟的岩画、赛?托姆布雷和布莱斯?马登的作品，一一收藏。内容之丰富，别无他处。\n展馆有彩色编号，墙面文字清晰地解释了每个展厅所涉及的艺术运动、文化或主题，每件作品附有说明标注。“艺术博物馆”恢弘开阔，方便游览，极富教益，启迪心智，不啻为一场精彩绝伦的视觉盛宴。\n全年365天、每天24小时开放，这是世界上一个真正可以随时随地参观的艺术博物馆。'),(21,'Word Power Made Easy','9781101873854','Norman Lewis 著','Penguin Random House US',46,'2020-12-05 21:04:50',3,'http://112.126.78.225/images/5dcb206977ed4956b2ac0657d0ad05ef.jpg','This time-tested classic—first published more than sixty years ago—has helped millions achieve mastery of English. Word Power Made Easy is the most effective vocabulary builder in the English language. It provides a simple, step-by-step method for increasing knowledge and mastery of written and spoken English. Arranged in thematic sections—on everything from how to flatter friends and insult enemies to how to talk precisely about science and medicine—the book is written in a lively, accessible, and often humorous style,presenting ideas and a method of broadening your knowledge as an integral part of vocabulary-building. The author delves into etymology to arm the reader to decode unfamiliar words, provides phonetic pronunciations, gives tips on avoiding common spelling errors, and offers useful sections on which fussy, old-fashioned grammar rules are valid and which are outdated or misguided and can be safely ignored. Loaded with helpful reviews, progress checks, and quizzes to reinforce the material, this classic resource has helped millions learn to speak and write with greater sophistication.'),(22,'国画入门教程','9787517063650','飞乐鸟工作室 著','中国水利水电出版社',31,'2020-12-05 21:14:31',10,'http://112.126.78.225/images/d62f7f2cd151478e80e155274349ef7d.jpg','为了帮助大家快速完成国画入门与进阶，全书共分为三个部分，首先介绍了怎样选择绘制工具，包括毛笔的种类、宣纸的区别和墨的挑选等。然后介绍了国画中行笔的方法、墨的运用与颜色的调和，同时加入多种案例，嫩竹、芭蕉、葡萄、墨兰……就算零基础也能轻松上手画。第三部分采用全程实拍图解的方式，详细讲解了水仙、琵琶、蟋蟀、金鱼等多种国画经典题材的创作方法，类型丰富、步骤清晰，非常适合零基础爱好者临摹学习。\n\n本书不仅为大家准备了丰富的案例题材，还都附有所用颜色和行笔方式，让读者学得更明白。书中还列出了提升作品效果的诀窍和方法，帮助大家快速提高水平。国画没有那么难，一起享受画画的美好时光吧！'),(23,'中华人民共和国政治史（第二版）','9787515409726','李正华，张金才 编','当代中国出版社',69,'2020-12-07 16:51:02',12,'http://112.126.78.225/images/f2efbbd0fd4d41f0bbcc3048075f0d26.jpg','本书以中华人民共和国史为大背景，从政治的角度，全面反映国史发展的大脉络、主题主线、阶段性特征，详细阐述和分析了中国人民当家作主的新型政权的建立、巩固和发展过程，以及适应这种政权需要的社会主义制度建立、健全、发展与不断完善的历史过程，客观论述了相关重要政治人物、重大政治事件，认真总结了中国共产党领导中国人民在探索符合中国实际、适合中国国情的民主政治发展道路中的成功经验和失误教训，对人们坚定中国特色社会主义的道路自信、理论自信、制度自信、文化自信具有重要意义。'),(24,'大国复兴:中国道路为什么如此成功','9787556409198','[美] 熊玠 著',' 湖北教育出版社',38,'2020-12-07 16:53:24',12,'http://112.126.78.225/images/6650f930f6cf410397af9edf2274c86f.jpg','　　从公元1世纪起至19世纪初近2000年间，中国一直保持着超级强国的地位，中国GDP超过欧洲总和。中国，是世界经济的中心；中国文化和艺术，风靡欧亚大陆；中国政治制度，影响整个东亚地区。\n　　历经一个世纪的凤凰涅槃，随着中国成为世界第二大经济体，中华民族伟大复兴的机会再次来临。\n　　本书以历史的、世界的眼光，深刻剖析中国百年图强的艰苦历程，总结出支撑中华民族伟大复兴的文化力量和制度优势，充分展现了风靡全球的中国力量、中国模式和中国道路。中国模式和中国道路的成功，为世界进步提供了中国方案，也预示着全新的世界格局已经到来。'),(25,'Dualities and Representations of Lie Superalgebras','9780821891186','Shun-Jen Cheng','American Mathematical Society',633,'2020-12-07 16:56:59',3,'http://112.126.78.225/images/73a33a4e21b644f2ad88bade14837363.jpg','This book gives a systematic account of the structure and representation theory of finite-dimensional complex Lie superalgebras of classical type and serves as a good introduction to representation theory of Lie superalgebras. Several folklore results are rigorously proved (and occasionally corrected in detail), sometimes with new proofs. Three important dualities are presented in the book, with the unifying theme of determining irreducible characters of Lie superalgebras. In order of increasing sophistication, they are Schur duality, Howe duality, and super duality. The combinatorics of symmetric functions is developed as needed in connections to Harish-Chandra homomorphism as well as irreducible characters for Lie superalgebras. Schur-Sergeev duality for the queer Lie superalgebra is presented from scratch with complete detail. Howe duality for Lie superalgebras is presented in book form for the first time. Super duality is a new approach developed in the past few years toward understanding the Bernstein-Gelfand-Gelfand category of modules for classical Lie superalgebras. Super duality relates the representation theory of classical Lie superalgebras directly to the representation theory of classical Lie algebras and thus gives a solution to the irreducible character problem of Lie superalgebras via the Kazhdan-Lusztig polynomials of classical Lie algebras.'),(26,'Linear Algebra Done Right','9783319307657','Sheldon Axler','Springer',524,'2020-12-07 17:01:34',3,'http://112.126.78.225/images/18c9ead86f2a44c2badf0dbe7eec385b.jpg','This best-selling textbook for a second course in linear algebra is aimed at undergrad math majors and graduate students. The text focuses on the central goal of linear algebra: understanding the structure of linear operators on finite-dimensional vector spaces.'),(27,'高等数学习题全解指南（上册 同济·第7版）','9787040396911','同济大学数学系','高等教育出版社',34,'2020-12-07 17:03:52',8,'http://112.126.78.225/images/b653273c529a40469e48825dd98fdf9b.jpg','　　《高等数学习题全解指南（上册 同济·第7版）》是与同济大学数学系编写的《高等数学》（第七版）相配套的学习辅导书，由同济大学数学系的教师编写。\n　　《高等数学习题全解指南（上册 同济·第7版）》内容由三部分组成，第1部分是按《高等数学》（第七版）（上册）的章节顺序编排，给出习题全解，部分题目在解答之后对该类题的解法作了小结、归纳，有的提供了多种解法；第二部分是全国硕士研究生入学统一考试数学试题选解，所选择的试题以工学类为主，少量涉及经济学类试题；第三部分是同济大学高等数学试卷选编以及考题的参考解答。\n　　《高等数学习题全解指南（上册 同济·第7版）》对教材具有相对的独立性，可为学习高等数学的工科和其他非数学类专业学生以及复习高等数学准备报考硕士研究生的人员提供解题指导，也可供讲授高等数学的教师在备课和批改作业时参考。'),(28,'内科学（第9版/本科临床/配增值）','9787117265416','葛均波，徐永健，王辰','人民卫生出版社',100,'2020-12-07 17:07:59',8,'http://112.126.78.225/images/6e825240d1474af185b9f39b3be2f1be.jpg','其修订和编写特点如下：\n1．教材编写修订工作是在国家卫生健康委员会、教育部的领导和支持下，由全国高等医药教材建设研究学组规划，临床医学专业教材评审委员会审定，院士专家把关，全国各医学院校知名专家教授编写，人民卫生出版社高质量出版。\n\n2．教材编写修订工作是根据教育部培养目标、国家卫生健康委员会行业要求、社会用人需求，在全国进行科学调研的基础上，借鉴国内外医学人才培养模式和教材建设经验，充分研究论证本专业人才素质要求、学科体系构成、课程体系设计和教材体系规划后，科学进行的。\n\n3．在教材修订工作中，进一步贯彻党的十九大精神，将“落实立德树人根本任务，发展素质教育”的战略部署要求，贯穿教材编写全过程。全套教材在专业内容中渗透医学人文的温度与情怀，通过案例与病例融合基础与临床相关知识，通过总结和汲取前八轮教材的编写经验与成果，充分体现教材的科学性、代表性和适用性。　　\n\n4．教材编写修订工作着力进行课程体系的优化改革和教材体系的建设创新——科学整合课程、淡化学科意识、实现整体优化、注重系统科学、保证点面结合。继续坚持“三基、五性、三特定”的教材编写原则，以确保教材质量。\n\n5．为配合教学改革的需要，减轻学生负担，精炼文字压缩字数，注重提高内容质量。根据学科需要，继续沿用大16开国际开本、双色或彩色印刷，充分拓展侧边留白的笔记和展示功能，提升学生阅读的体验性与学习的便利性。\n\n6．为满足教学资源的多样化，实现教材系列化、立体化建设，进一步丰富了理论教材中的数字资源内容与类型，创新在教材移动端融入AR、VR、人工智能等新技术，为课堂学习带来身临其境的感受；每种教材均配有2套模拟试卷，线上实时答题与判卷，帮助学生复习和巩固重点知识。同时，根据实际需求进一步优化了实验指导与习题集类配套教材的品种，方便老师教学和学生自主学习。\n\n第九轮教材共有53种，均为国家卫生健康委员会“十三五”规划教材。全套教材将于2018年6月出版发行，数字内容也将同步上线。教育部副部长林蕙青同志亲自为本套教材撰写序言，并对通过修订教材启发和指导高校不断深化医学教育改革、进一步推进医教协同，为培养高质量医学人才、服务人民群众健康乃至推动健康中国建设寄予厚望。希望全国广大院校在使用过程中能够多提供宝贵意见，反馈使用信息，以逐步修改和完善教材内容，提高教材质量，为第十轮教材的修订工作建言献策。'),(29,'哈利波特典藏版（套装全七册）','9787020127993','J.K.罗琳','人民文学出版社',401,'2020-12-07 17:14:53',7,'http://112.126.78.225/images/c5ea2cdcac994addaa8a61c9d061266f.jpg','时隔九年，人民文学出版社隆重推出新版的精装《哈利·波特（典藏版）》（全七册），此套典藏版《哈利·波特》采用了官方新版封面，由罗琳指定的英国新锐设计师奥利·莫斯设计，使用异质同构的设计手法，新封面艺术感十足：\n《魔法石》中的闪电构成了猫头鹰脚下的树枝，《密室》中盘旋而下的隧道构成了蛇怪的身体，《阿兹卡班囚徒》中的悬崖构成了大狗的脑袋，《火焰杯》中的杯中火焰构成了一个个帐篷，《凤凰社》中凤凰的翅膀构成了霍格沃茨学校，《混血王子》中邓布利多和他射出的火焰构成了魔药课本，《死亡圣器》中哈利的伤疤构成了伏地魔的侧脸。\n和上一套精装版相比，本套典藏版不仅提高了工艺，完善了装帧，更由深受读者喜爱的“哈利·波特”系列译者马爱农将七本全部文字进行了精益求精的进一步完善和修订。相信这是一套哈迷们会奔走相告，争相购买的典藏版。'),(30,'小王子注音版','9787550276093','圣埃克苏佩里','北京联合出版公司',20,'2020-12-07 17:21:37',7,'http://112.126.78.225/images/4457c02e28d34d2b8eb632919b3fbb16.jpg','《小王子》是法国作家安托万·德·圣·埃克苏佩里于1942年写成的著名儿童文学短篇小说。本书的主人公是来自外星球的小王子。书中以一位飞行员作为故事叙述者，讲述了小王子从自己星球出发前往地球的过程中，所经历的各种历险。作者以小王子的孩子式的眼光，透视出成人的空虚、盲目，愚妄和死板教条，用浅显天真的语言写出了人类的孤独寂寞、没有根基随风流浪的命运。同时，也表达出作者对金钱关系的批判，对真善美的讴歌。'),(31,'极简：中国书法史','9787102067520','刘涛','人民美术出版社',29,'2020-12-07 17:25:30',15,'http://112.126.78.225/images/c65a290d38d84fc5b423e7e29ce36d5b.jpg','    《极简：中国书法史》从文字的起源与功能变化、书体的演变发展与兴衰更替、书写主体的变化及书家的风格特点与文脉传承、帝王的喜好风尚及其影响等方面出发，清晰呈现了书法之发展脉络及其实用与艺术并重的双重特点，展现出了承载千年中国文化艺术精神的书法艺术的独特魅力。'),(32,'中国书法理论体系','9787102076409','熊秉明','人民美术出版社',43,'2020-12-07 17:27:44',15,'http://112.126.78.225/images/6ecd7e1b9e534481a94b5f28de35bea1.jpg','        《中国书法理论体系》一书是熊秉明先生在书法理论方面的倾力之作。他把我国古代书法理论加以梳理和深研，并在哲学框架之下探讨中国书法独特而深层的审美价值，将长于形象思维而略显涣散的古老的书法理论生成为逻辑严密的理论体系，视野开阔，见解独到，对中国书法理论的研究具有开启山林之功。\n此次出版，是参照熊秉明先生生前亲笔批注、勘误，并全新设计排版而成的修订版。正文后附以《关于中国书法理论体系的分类》一文，文本更为完整，方便广大读者理解、学习。'),(33,'ナミヤ雑貨店の奇蹟解忧杂货店','9784041014516','東野圭吾','ＫＡＤＯＫＡＷＡ',157,'2020-12-07 17:30:32',4,'http://112.126.78.225/images/207e4dfbaa1c44c7846daa1cc213aa9c.jpg','東野作品史上、もっとも泣ける感動ミステリー、待望の文庫化!\n\n悩み相談、未来を知ってる私にお任せください。\n\n少年3人が忍び込んだ廃屋。\nそこは過去と未来が手紙でつながる不思議な雑貨店だった。\n\n悪事を働いた3人が逃げ込んだ古い家。そこはかつて悩み相談を請け負っていた雑貨店だった。廃業しているはずの店内に、突然シャッターの郵便口から悩み相談の手紙が落ちてきた。時空を超えて過去から投函されたのか? 3人は戸惑いながらも当時の店主・浪矢雄治に代わって返事を書くが……。次第に明らかになる雑貨店の秘密と、ある児童養護施設との関係。悩める人々を救ってきた雑貨店は、最後に再び奇蹟を起こせるか!?\n\n内容（「BOOK」データベースより）\n\n悪事を働いた3人が逃げ込んだ古い家。そこはかつて悩み相談を請け負っていた雑貨店だった。廃業しているはずの店内に、突然シャッターの郵便口から悩み相談の手紙が落ちてきた。時空を超えて過去から投函されたのか?3人は戸惑いながらも当時の店主・浪矢雄治に代わって返事を書くが…。次第に明らかになる雑貨店の秘密と、ある児童養護施設との関係。悩める人々を救ってきた雑貨店は、最後に再び奇蹟を起こせるか!?\n\n著者略歴 (「BOOK著者紹介情報」より)\n\n東野/圭吾\n1958年、大阪府生まれ。大阪府立大学工学部卒業。エンジニアとして勤務しながら、85年『放課後』で第31回江戸川乱歩賞を受賞しデビュー。99年『秘密』で第52回日本推理作家協会賞、2006年『容疑者Xの献身』で第134回直木賞、12年『ナミヤ雑貨店の奇蹟』で第7回中央公論文芸賞、13年『夢幻花』で第26回柴田錬三郎賞、14年『祈りの幕が下りる時』で第48回吉川英治文学賞を受賞(本データはこの書籍が刊行された当時に掲載されていたものです)'),(34,'Bantam Classics','9780553212730','Jane Austen (简·奥斯汀)','Penguin Random House US',23,'2020-12-07 17:32:21',4,'http://112.126.78.225/images/fcea1b5c7e5046d4bf180c3bc44208e9.jpg','As daughter of the richest, most important man in the small provincial village of Highbury, Emma Woodhouse is firmly convinced that it is her right--perhaps even her \"duty\"--to arrange the lives of others. Considered by most critics to be Austen\'s most technically brilliant achievement, \"Emma\" sparkles with ironic insights into self-deception, self-discovery, and the interplay of love and power.'),(35,'断舍离','9787540489304','山下英子','湖南文艺出版社',42,'2020-12-07 17:38:10',9,'http://112.126.78.225/images/5b5cb465b71041d59ee31d44044d5b32.jpg','新版《断舍离》是“断舍离”创始人山下英子累积销量超400万册畅销书“断舍离”书系集大成之作，修订50%以上内容重新解读帮助读者重拾轻盈人生的生活哲学。理论+实践全面升级，一本新书顶老版一套书，了解断舍离先读这一本。\n对稻盛和夫、宫崎骏、张德芬、杨澜、林夕、李冰冰、林依晨等影响至深的减法哲学。陈数、孙志勇（志邦家居）作序推荐，随书附赠真人实拍断舍离实践手册，扫码还能看精彩视频。\n断=断绝不需要的东西，舍=舍弃多余的废物，离=脱离对物品的执着。\n扔掉不需要的东西，才能得到重要的东西。立足当下自我，践行新陈代谢式美学思维。健康、金钱、婚恋、家庭、时间、家居、事业、临终……总会遇见人生的各种美好！脱离心中执念，人生才能轻盈前行！\n断舍离是通过立足当下和新陈代谢原则，梳理自己与物品的关系，先从观念上认识现状，停止自我否定，构想居所具体布局，然后通过杂物整理了解当下自己的真实需求，进一步构筑令自我愉悦的生活状态。\n作者将断舍离以“日常新整理法”作为入口介绍给读者，将整理原则归为五大类：“三分法”“7?5?1法”“1 out 1 in法”“one touch法”“自立?自由?自在法”。通过衣柜-壁橱-厨房-餐架-冰箱-书架-厕所-玄关-客厅&餐厅-再利用的物品的整理顺序，帮助读者逐步清理自己的生活空间，重新获得愉悦的感觉。\n风靡全球的“断舍离”概念已经在15个国家出版几十种图书，多次获得流行语大奖提名。但是总是被人当做只是物品的整理方法，实在是有点可惜，断舍离的内涵远不止这些。所谓断舍离是“出”的美学，不仅是家里的物品，不需要、不舒服、不合适的情感和被父母强加的价值观都可以通过分离和舍弃，让身心变得轻松起来，慢慢的一些“奇迹”会发生，人生因而发生巨大改变。\n这本书适合还未听过、听过但不太明白的断舍离的读者阅读，也适合仅仅停留在物品整理的断舍离践行者再次复习了解断舍离更深层次的意义，螺旋上升式地促进改变人生才是断舍离的目的。'),(36,'财富自由之路','9787121320088','李笑来','电子工业出版社',46,'2020-12-07 17:40:15',9,'http://112.126.78.225/images/9dee379fff73480fa589e6155e2df97d.jpg','　　你升级过自己的“操作系统”吗？我们每个人都有“操作系统”！不断升级的“操作系统”不仅能带来体验上的快感，还能帮我们更好地优化前进的路线，在正确的方向上做出正确的决定并身体力行地去实践。\n　　《财富自由之路》帮助你认清自己的“操作系统”，笑来老师用亲身经历教你如何升级它，并运用它实现自我成长，走上财富自由之路。'),(37,'机器学习','9787302423287','周志华','清华大学出版社',61,'2020-12-07 17:44:00',1,'http://112.126.78.225/images/de623a13b21245408927c58a010a6487.jpg','机器学习是计算机科学与人工智能的重要分支领域. 本书作为该领域的入门教材，在内容上尽可能涵盖机器学习基础知识的各方面. 全书共16 章，大致分为3 个部分：第1 部分（第1～3 章）介绍机器学习的基础知识；第2 部分（第4～10 章）讨论一些经典而常用的机器学习方法（决策树、神经网络、支持向量机、贝叶斯分类器、集成学习、聚类、降维与度量学习）；第3 部分（第11～16 章）为进阶知识，内容涉及特征选择与稀疏学习、计算学习理论、半监督学习、概率图模型、规则学习以及强化学习等. 每章都附有习题并介绍了相关阅读材料，以便有兴趣的读者进一步钻研探索。\n\n本书可作为高等院校计算机、自动化及相关专业的本科生或研究生教材，也可供对机器学习感兴趣的研究人员和工程技术人员阅读参考。'),(38,'神经网络与深度学习','9787111649687','邱锡鹏','机械工业出版社',109,'2020-12-07 17:46:11',1,'http://112.126.78.225/images/e9ba398b921341bb9069ee3114a5d340.jpg','本书是深度学习领域的入门教材，系统地整理了深度学习的知识体系，并由浅入深地阐述了深度学习的原理、模型以及方法，使得读者能全面地掌握深度学习的相关知识，并提高以深度学习技术来解决实际问题的能力。\n全书共15章，分为三个部分。\n\n·第一部分为机器学习基础：第1章是绪论，介绍人工智能、机器学习、深度学习的概要，使读者全面了解相关知识；第2~3章介绍机器学习的基础知识。\n\n·第二部分是基础模型：第4～6章分别讲述三种主要的神经网络模型：前馈神经网络、卷积神经网络和循环神经网络；第7章介绍神经网络的优化与正则化方法；第8章介绍神经网络中的注意力机制和外部记忆；第9章简要介绍一些无监督学习方法；第10章介绍一些模型独立的机器学习方法，包括集成学习、自训练、协同训练、多任务学习、迁移学习、终身学习、元学习等。\n\n·第三部分是进阶模型：第11章介绍概率图模型的基本概念，为后面的章节进行铺垫；第12章介绍两种早期的深度学习模型：玻尔兹曼机和深度信念网络；第13章介绍深度生成模型，包括变分自编码器和生成对抗网络；第14章介绍深度强化学习；第15章介绍应用十分广泛的序列生成模型。\n\n本书可作为高等院校人工智能、计算机、自动化、电子和通信等相关专业的研究生或本科生教材，也可供相关领域的研究人员和工程技术人员参考。\n本书还配备了教学PPT、编程练习以及课后习题的讨论，'),(39,'疾病密码','9787557686659','唐云','广西师范大学出版社',88,'2020-12-07 17:48:59',11,'http://112.126.78.225/images/f00d3b7ea37646feb1464950987e92ca.jpg','每个人在一生中都会遇到疾病的困扰，疾病是如何发生的？我们平时走入了哪些健康误区？怎样才能既快又好地治愈疾病？本书试图从一个临床中医师的角度出发，用有趣易懂的文字，20年亲历临床案例，50余首中国古代、近现代名方，扁鹊、张仲景、李杲、张从正、李时珍、叶天士、王清任、蒲辅周等10余位历代名医的治病故事，为您详述中医识病、辨病、治病全过程，阐明中医之“道”，带您解开疾病密码。'),(40,'华为数据之道','9787111667049','华为公司数据管理部','机械工业出版社',69,'2020-12-07 17:50:58',11,'http://112.126.78.225/images/bf4874dcabb84e63be7d223d32344a65.jpg','这是一部从技术、流程、管理等多个维度系统讲解华为数据治理和数字化转型的著作。华为是一家超大型企业，华为的数据底座和数据治理方法支撑着华为在全球170多个国家/地区开展多业态、差异化的运营。书中凝聚了大量数据治理和数字化转型方面的有价值的经验、方法论、规范、模型、解决方案和案例，不仅能让读者即学即用，还能让读者了解华为数字化建设的历程。\n\n全书共10章，内容从逻辑上分为四个部分。\n\n第一部分（第1~3章）\n\n第1章以非数字原生企业在数字化转型方面面临的挑战开篇，介绍了华为在数据治理和数字化转型方面的目标、愿景、蓝图和框架；第2章从企业政策和架构协同的角度，介绍了企业级的数据综合治理体系，理顺了数据与变革、运营、IT之间的协同关系，明确了数据管理的责任主体在业务；第3章详细阐述了不同类型的数据的管理方式和要点。\n\n第二部分（第4~6章）\n\n详细讲解了数据治理工作中的三项重点任务：信息架构、数据底座、数据服务。第4章介绍了信息架构的四个组件，给出了建设原则和核心要素，并引出了业务对象、过程、规则三项数字化的建设方向；第5章提出了数据底座建设的整体框架，介绍了数据湖和数据主题连接两个层次的建设实践；第6章以自助、高效、复用为数据服务的目的，提出了对数据进行搜索、加工和分析的消费过程管理方案。\n\n第三部分（第7~9章）\n\n系统总结了数据治理的三项关键能力：数据的全量感知、综合质量提升、可控共享。第7章以数字孪生的全量、无接触感知为目标，介绍了数据的硬感知和软感知两类能力；第8章基于PDCA框架，介绍了对企业业务数据异常的全面监控；第9章介绍了如何构建以元数据为基础的数据安全隐私保护框架，如何建立动静结合的数据保护与授权管理方案。\n\n第四部分（第10章）\n\n基于对“机器认知世界”的理解，我们提出了对数据治理未来的思考，畅想了AI治理、数据主权和数据生态建设。未来已来，让我们共同努力，把数字世界带入每个人、每个家庭、每个组织，构建万物互联的智能世界。'),(41,'空间天气及其物理原理','9787030652812','德洛丝·尼普','科学出版社',192,'2020-12-08 09:22:40',11,'http://112.126.78.225/images/a0be582a7c5343c0a8f6ed60c2b92150.jpg','《空间天气及其物理原理》系统介绍了日地空间环境中诸如太阳耀斑、太阳高能粒子、日冕物质抛射等基本的空间天气现象和变化特性，并深入解释了与之相关的太阳物理、空间等离子体物理、磁层物理、电离层物理、中高层大气物理的基本原理，继而进一步讨论了空间天气和空间环境对电波传播、航天装备等关键基础设施的影响。'),(42,'廖彩杏英文纸板书','9780679809012','Christopher Santoro','Penguin Random House US',28,'2020-12-08 13:26:31',3,'http://112.126.78.225/images/60499b0f13a147f9aed2eb6dbe93fcfb.jpg','Illustrated in full color. Open the barn door and ta\n\n一本麻雀虽小五脏俱全的翻翻书，书中有农场，郊野，池塘等多种场景，10种动物以及动物叫声，给孩子一次亲近动物与自然的体验。\n\n画面颜色柔和，绘者准确地捕捉各种动物的神态并以细腻的笔触还原给读者，如同亲临其境。翻翻页的设计将动感注入本书之中，打开牛舍的门，猪圈的围栏，拨开池塘里的水生植物，翻翻晾着的衣物和篮子会有什么惊喜呢？\n\nke a tour around the barnyard to find out just who\'s making all those wonderful animal sounds.');

/*Table structure for table `sys_book_banner` */

DROP TABLE IF EXISTS `sys_book_banner`;

CREATE TABLE `sys_book_banner` (
  `id` int(11) NOT NULL AUTO_INCREMENT COMMENT '主键自增长字段',
  `resource_url` varchar(200) DEFAULT NULL COMMENT '资源路径',
  `modify_time` datetime DEFAULT NULL COMMENT '修改时间',
  PRIMARY KEY (`id`)
) ENGINE=InnoDB AUTO_INCREMENT=15 DEFAULT CHARSET=utf8;

/*Data for the table `sys_book_banner` */

insert  into `sys_book_banner`(`id`,`resource_url`,`modify_time`) values (7,'http://112.126.78.225/images/189bd8bbc8774dd98655adee4d97d95b.jpg','2020-12-14 15:32:42'),(8,'http://112.126.78.225/images/05652e96bec641089a02c3849f98dbe3.jpg','2020-12-14 15:32:51'),(9,'http://112.126.78.225/images/0c37f04b7fbe4f8eb72e1daacf5f56a8.jpg','2020-12-14 15:32:57'),(10,'http://112.126.78.225/images/f32a17febb4b42d9a996e6d2fa4fadcb.jpg','2020-12-14 15:33:03'),(11,'http://112.126.78.225/images/3e113af6f1514aac939641c99332bc7e.jpg','2020-12-14 15:33:09'),(14,'http://112.126.78.225/images/27bbd809b6724d5f891a852bc30ee9f1.jpg','2020-12-14 15:37:37');

/*Table structure for table `sys_book_resource` */

DROP TABLE IF EXISTS `sys_book_resource`;

CREATE TABLE `sys_book_resource` (
  `id` int(11) NOT NULL AUTO_INCREMENT COMMENT '主键自增长字段',
  `b_id` int(11) DEFAULT NULL COMMENT '图书表的外键字段',
  `resource_url` varchar(200) DEFAULT NULL COMMENT '对应图书的资源路径',
  `symbol` varchar(20) DEFAULT NULL COMMENT '标识，用于区分资源类型',
  `supplement` varchar(50) DEFAULT NULL COMMENT '补充说明',
  `create_time` datetime DEFAULT NULL COMMENT '上传时间',
  PRIMARY KEY (`id`),
  KEY `BOOK_RESOURCE_BID_BOOK` (`b_id`),
  CONSTRAINT `BOOK_RESOURCE_BID_BOOK` FOREIGN KEY (`b_id`) REFERENCES `sys_book` (`id`) ON DELETE CASCADE ON UPDATE CASCADE
) ENGINE=InnoDB AUTO_INCREMENT=66 DEFAULT CHARSET=utf8;

/*Data for the table `sys_book_resource` */

insert  into `sys_book_resource`(`id`,`b_id`,`resource_url`,`symbol`,`supplement`,`create_time`) values (1,1,'https://img.alicdn.com/imgextra/i3/2451699564/TB2NCz5sVXXXXXhXFXXXXXXXXXX_!!2451699564.jpg_430x430q90.jpg','cover','《算法导论》封面图','2020-09-18 15:35:00'),(3,2,'https://img.alicdn.com/imgextra/i3/288902762/O1CN01Bznidn1WH2XUXELCk_!!0-item_pic.jpg_430x430q90.jpg','cover','《Spring Cloud Alibaba》封面图','2020-09-18 15:35:00'),(5,3,'https://img.alicdn.com/imgextra/i4/2451699564/O1CN01giaKdB2KWMYQj6XOJ_!!2451699564.jpg_430x430q90.jpg','cover','《深入理解Java虚拟机》封面图','2020-09-28 11:19:00'),(6,4,'https://img.alicdn.com/imgextra/i4/2649526171/O1CN01urG1AV1vSMcEV5nWM_!!2649526171.jpg_430x430q90.jpg','cover','《Spring Boot+Vue全栈开发实战》封面图','2020-09-28 11:21:00'),(7,5,'https://img.alicdn.com/imgextra/i1/2451699564/O1CN01jqAEBz2KWMUVxLUj9_!!2451699564.jpg_430x430q90.jpg','cover','《深入浅出Vue.js》封面图','2020-09-28 11:22:00'),(8,6,'https://img.alicdn.com/imgextra/i3/2200707119547/O1CN01VcpAIK2KOZr49daIf_!!0-item_pic.jpg_430x430q90.jpg','cover','《Node.js+Webpack开发实战》封面图','2020-09-28 11:22:00'),(9,7,'https://img.alicdn.com/imgextra/i4/2130152348/O1CN01QntL051TDQXXkunxf_!!0-item_pic.jpg_430x430q90.jpg','cover','《深入浅出Node》封面图','2020-09-28 11:23:00'),(10,8,'https://img.alicdn.com/imgextra/i2/381191231/O1CN01il5ylE1Kxq9OvgdUr_!!0-item_pic.jpg_430x430q90.jpg','cover','《SpringCloud微服务架构实战》封面图','2020-09-28 11:24:00'),(11,9,'https://img.alicdn.com/imgextra/i2/2397078731/O1CN01EqHHTp2EMqXQN7Ijy_!!0-item_pic.jpg_430x430q90.jpg','cover','《RocketMQ技术内幕》封面图','2020-09-28 11:29:00'),(12,10,'https://img.alicdn.com/imgextra/i1/1932014659/O1CN011kHrjx7e93iBpUN_!!0-item_pic.jpg_430x430q90.jpg','cover','《C++ Primer 英文版》封面图','2020-09-28 11:30:00'),(13,11,'https://img.alicdn.com/imgextra/i1/2451699564/O1CN01tOpC1a2KWMXsR0iZZ_!!2451699564.jpg_430x430q90.jpg','cover','《数学分析华东师大 第五版 上册+下册》封面图','2020-09-28 11:34:00'),(14,12,'https://img.alicdn.com/imgextra/i2/2451699564/O1CN011ntHvJ2KWMWxa6yd8_!!0-item_pic.jpg_430x430q90.jpg','cover','《高等代数 第五版 北大五版》封面图','2020-09-28 11:34:00'),(15,13,'https://img.alicdn.com/imgextra/i1/2451699564/O1CN01IMeqrc2KWMY7z4btA_!!0-item_pic.jpg_430x430q90.jpg','cover','《离散数学及其应用》封面图','2020-09-28 11:35:00'),(16,14,'https://img.alicdn.com/imgextra/i4/2451699564/O1CN017NK9XJ2KWMaxu3OD8_!!0-item_pic.jpg_430x430q90.jpg','cover','《数据结构 严蔚敏 C语言版》封面图','2020-09-28 11:38:00'),(17,15,'https://img.alicdn.com/imgextra/i3/1932014659/O1CN01qaQrxo1kHrr7VhnFe_!!1932014659.jpg_430x430q90.jpg','cover','《汇编语言程序设计（第5五版）》封面图','2020-09-28 11:40:00'),(18,16,'https://img.alicdn.com/imgextra/i1/1932014659/TB2zyMeXwoQMeJjy1XaXXcSsFXa_!!1932014659.jpg_430x430q90.jpg','cover','《单片机原理及应用 第4版》封面图','2020-09-28 11:40:00'),(19,2,'https://img.alicdn.com/imgextra/i2/2598292358/O1CN01vSqgxI1TI0WInqZFl_!!2598292358.gif','detail1','《Spring Cloud Alibaba》详情长图','2020-09-28 22:13:00'),(20,1,'https://img.alicdn.com/imgextra/i2/2451699564/TB2EucjsVXXXXa9XpXXXXXXXXXX_!!2451699564.jpg','detail1','《算法导论》详情图1','2020-09-28 22:13:00'),(21,1,'https://img.alicdn.com/imgextra/i2/2451699564/TB2wPwysVXXXXXeXpXXXXXXXXXX_!!2451699564.jpg','detail2','《算法导论》详情图2','2020-09-28 22:13:00'),(22,1,'https://img.alicdn.com/imgextra/i3/2451699564/TB2yP7CsVXXXXcTXXXXXXXXXXXX_!!2451699564.jpg','detail3','《算法导论》详情图3','2020-09-28 22:13:00'),(23,1,'https://img.alicdn.com/imgextra/i3/2451699564/TB2l4gUsVXXXXa1XXXXXXXXXXXX_!!2451699564.jpg','detail4','《算法导论》详情图4','2020-09-28 22:13:00'),(24,1,'https://img.alicdn.com/imgextra/i1/2451699564/TB2RgA4sVXXXXXSXXXXXXXXXXXX_!!2451699564.jpg','detail5','《算法导论》详情图4','2020-09-28 22:13:00'),(25,3,'https://img.alicdn.com/imgextra/i4/3446196188/O1CN01voxoYB1va9Qr4uHjf_!!3446196188.jpg','detail1','《深入理解Java虚拟机》详情图1','2020-09-28 22:13:00'),(26,3,'https://img.alicdn.com/imgextra/i2/3446196188/O1CN01yzq9ii1va9QtRXEhp_!!3446196188.jpg','detail2','《深入理解Java虚拟机》详情图2','2020-09-28 22:13:00'),(27,3,'https://img.alicdn.com/imgextra/i1/3446196188/O1CN01CkB0e01va9QqlEZcT_!!3446196188.jpg','detail3','《深入理解Java虚拟机》详情图3','2020-09-28 22:13:00'),(28,3,'https://img.alicdn.com/imgextra/i1/3446196188/O1CN01T9ccuf1va9QsVrBVR_!!3446196188.jpg','detail4','《深入理解Java虚拟机》详情图4','2020-09-28 22:13:00'),(29,4,'https://img.alicdn.com/imgextra/i3/2649526171/O1CN01sSbHC01vSMg0CuX0Z_!!2649526171.jpg','detail1','《Spring Boot+Vue全栈开发实战》详情图1','2020-09-28 22:13:00'),(30,4,'https://img.alicdn.com/imgextra/i2/2649526171/O1CN01bIUhEY1vSMg7FZhDD_!!2649526171.jpg','detail2','《Spring Boot+Vue全栈开发实战》详情图2','2020-09-28 22:13:00'),(31,4,'https://img.alicdn.com/imgextra/i4/2649526171/O1CN01BiJ3fd1vSMgBXHVOd_!!2649526171.jpg','detail3','《Spring Boot+Vue全栈开发实战》详情图3','2020-09-28 22:13:00'),(32,4,'https://img.alicdn.com/imgextra/i4/2649526171/O1CN01tocS7C1vSMg7wxRnX_!!2649526171.jpg','detail4','《Spring Boot+Vue全栈开发实战》详情图4','2020-09-28 22:13:00'),(33,4,'https://img.alicdn.com/imgextra/i4/2649526171/O1CN01keZ57j1vSMg7FYYVp_!!2649526171.jpg','detail5','《Spring Boot+Vue全栈开发实战》详情图5','2020-09-28 22:13:00'),(34,4,'https://img.alicdn.com/imgextra/i1/2649526171/O1CN01nZTIfQ1vSMg8g8ttM_!!2649526171.jpg','detail6','《Spring Boot+Vue全栈开发实战》详情图6','2020-09-28 22:13:00'),(35,4,'https://img.alicdn.com/imgextra/i4/2649526171/O1CN01GSBaZE1vSMgA7ukua_!!2649526171.jpg','detail7','《Spring Boot+Vue全栈开发实战》详情图7','2020-09-28 22:13:00'),(36,4,'https://img.alicdn.com/imgextra/i1/2649526171/O1CN01Mb79qn1vSMg8g8MeX_!!2649526171.jpg','detail8','《Spring Boot+Vue全栈开发实战》详情图8','2020-09-28 22:13:00'),(38,18,'http://112.126.78.225/images/dcb62f6f3fa54b17a640be6b0f365353.jpg','detail1',NULL,'2020-12-05 20:39:50'),(39,19,'http://112.126.78.225/images/7f5285f926cb453088735f48b3da96af.jpg','detail1',NULL,'2020-12-05 20:55:16'),(40,20,'http://112.126.78.225/images/9906376c997f4c5fa4d36799d965652d.jpg','detail1',NULL,'2020-12-05 21:00:49'),(41,22,'http://112.126.78.225/images/b8151c0cf8034d0c8a28ba8c59d32d47.jpg','detail1',NULL,'2020-12-05 21:14:31'),(42,22,'http://112.126.78.225/images/e4d31fd59b7a4aa9b8ea8ca6d10481a6.jpg','detail2',NULL,'2020-12-05 21:14:31'),(43,22,'http://112.126.78.225/images/1d178c9f8ef54c00a01f876c45464410.jpg','detail3',NULL,'2020-12-05 21:14:31'),(44,27,'http://112.126.78.225/images/413e8750f52d4fcc9a5e58d998067742.jpg','detail1',NULL,'2020-12-07 17:03:52'),(45,28,'http://112.126.78.225/images/df523759bed44ab88843df6bb6b65fe8.jpg','detail1',NULL,'2020-12-07 17:07:59'),(46,29,'http://112.126.78.225/images/d678ca5fafcb4cf8a7b21e5931d0e35d.jpg','detail1',NULL,'2020-12-07 17:14:53'),(47,30,'http://112.126.78.225/images/e108e2709fc04d8fb71c9fdc8a8a0b34.jpg','detail1',NULL,'2020-12-07 17:21:37'),(48,30,'http://112.126.78.225/images/e85ff3b199114a40a69f4dc0cbc913d0.jpg','detail2',NULL,'2020-12-07 17:21:37'),(49,30,'http://112.126.78.225/images/dc5e3f2e5eff477f9f4aa2b1407a2bc9.jpg','detail3',NULL,'2020-12-07 17:21:37'),(50,30,'http://112.126.78.225/images/077f6e7d26fb4ae9b8761d2df0fa1ab3.jpg','detail4',NULL,'2020-12-07 17:21:37'),(51,30,'http://112.126.78.225/images/2b3e65a9d57240a79c14f6b0461fad02.jpg','detail5',NULL,'2020-12-07 17:21:37'),(52,30,'http://112.126.78.225/images/ea8a6721cecc450da922caef1e4c327b.jpg','detail6',NULL,'2020-12-07 17:21:37'),(53,30,'http://112.126.78.225/images/d08f633b54cf45a0bfed54a11238129d.jpg','detail7',NULL,'2020-12-07 17:21:37'),(54,30,'http://112.126.78.225/images/2371a3e9dc1445bca8985c5c60181d5b.jpg','detail8',NULL,'2020-12-07 17:21:37'),(55,30,'http://112.126.78.225/images/cb2060c1f3cf406fbe88cbc891066c12.jpg','detail9',NULL,'2020-12-07 17:21:37'),(56,30,'http://112.126.78.225/images/0d68c0ea18b2415f9ba2e9d5d0693778.jpg','detail10',NULL,'2020-12-07 17:21:37'),(57,30,'http://112.126.78.225/images/36406ddea66a4f9b92d74096a21032f1.jpg','detail11',NULL,'2020-12-07 17:21:37'),(58,31,'http://112.126.78.225/images/4c9aa77b0a744fddb33f23e5fa2ea399.jpg','detail1',NULL,'2020-12-07 17:25:30'),(59,32,'http://112.126.78.225/images/97e4b95621c643639b95d25ef3f3e5e5.jpg','detail1',NULL,'2020-12-07 17:27:44'),(60,35,'http://112.126.78.225/images/956fb65680f9406ab2f46ae8d1a273c6.jpg','detail1',NULL,'2020-12-07 17:38:10'),(61,36,'http://112.126.78.225/images/df3c059597a04c2a9ed2f617816ad712.jpg','detail1',NULL,'2020-12-07 17:40:15'),(62,37,'http://112.126.78.225/images/1c5730c5bad341ffae9dd44529cb88d5.jpg','detail1',NULL,'2020-12-07 17:44:00'),(63,38,'http://112.126.78.225/images/9d91eb63f1014637be1e3b7118210b7b.jpg','detail1',NULL,'2020-12-07 17:46:11'),(64,39,'http://112.126.78.225/images/f1b12065ed86401ba995b9234e40bb89.jpg','detail1',NULL,'2020-12-07 17:48:59'),(65,40,'http://112.126.78.225/images/e2e41fb0c3c54873b548309340edf290.jpg','detail1',NULL,'2020-12-07 17:50:58');

/*Table structure for table `sys_book_storage` */

DROP TABLE IF EXISTS `sys_book_storage`;

CREATE TABLE `sys_book_storage` (
  `id` int(11) NOT NULL AUTO_INCREMENT COMMENT '主键自增长字段',
  `b_id` int(11) DEFAULT NULL COMMENT '图书表的外键字段',
  `last_add_time` datetime DEFAULT NULL COMMENT '最后一次添加时间',
  `residue_count` int(11) DEFAULT '0' COMMENT '剩余数量',
  PRIMARY KEY (`id`),
  KEY `STORAGE_BID_BOOK` (`b_id`),
  CONSTRAINT `STORAGE_BID_BOOK` FOREIGN KEY (`b_id`) REFERENCES `sys_book` (`id`) ON DELETE CASCADE ON UPDATE CASCADE
) ENGINE=InnoDB AUTO_INCREMENT=43 DEFAULT CHARSET=utf8;

/*Data for the table `sys_book_storage` */

insert  into `sys_book_storage`(`id`,`b_id`,`last_add_time`,`residue_count`) values (1,1,'2020-12-12 17:44:40',20),(2,2,'2020-09-18 15:35:00',11),(3,3,'2020-09-28 11:19:00',1),(4,4,'2020-09-28 11:21:00',0),(5,5,'2020-09-28 11:22:00',9),(6,6,'2020-09-28 11:22:00',19),(7,7,'2020-09-28 11:23:00',17),(8,8,'2020-09-28 11:24:00',29),(9,9,'2020-09-28 11:29:00',18),(10,10,'2020-09-28 11:30:00',40),(11,11,'2020-09-28 11:34:00',29),(12,12,'2020-09-28 11:34:00',25),(13,13,'2020-09-28 11:35:00',85),(14,14,'2020-09-28 11:38:00',59),(15,15,'2020-09-28 11:40:00',53),(16,16,'2020-09-28 11:40:00',46),(18,18,'2020-12-06 16:31:31',33),(19,19,'2020-12-05 20:55:16',30),(20,20,'2020-12-05 21:00:49',30),(21,21,'2020-12-05 21:04:50',30),(22,22,'2020-12-07 16:39:18',39),(23,23,'2020-12-07 16:51:02',30),(24,24,'2020-12-07 16:53:24',20),(25,25,'2020-12-07 16:56:59',29),(26,26,'2020-12-07 17:01:34',36),(27,27,'2020-12-07 17:03:52',150),(28,28,'2020-12-07 17:07:59',100),(29,29,'2020-12-07 17:14:53',80),(30,30,'2020-12-07 17:21:37',77),(31,31,'2020-12-07 17:25:30',25),(32,32,'2020-12-07 17:27:44',55),(33,33,'2020-12-07 17:30:32',23),(34,34,'2020-12-07 17:32:21',34),(35,35,'2020-12-07 17:38:10',32),(36,36,'2020-12-07 17:40:15',12),(37,37,'2020-12-07 17:44:00',55),(38,38,'2020-12-07 17:46:11',100),(39,39,'2020-12-07 17:48:59',76),(40,40,'2020-12-08 13:23:09',42),(41,41,'2020-12-08 13:22:32',14),(42,42,'2020-12-12 17:54:24',14);

/*Table structure for table `sys_book_type` */

DROP TABLE IF EXISTS `sys_book_type`;

CREATE TABLE `sys_book_type` (
  `id` int(11) NOT NULL AUTO_INCREMENT COMMENT '主键自增长',
  `type` varchar(10) DEFAULT NULL COMMENT '分类',
  `supplement` varchar(30) DEFAULT NULL COMMENT '补充说明',
  `img` varchar(200) DEFAULT NULL COMMENT '类型图标',
  PRIMARY KEY (`id`)
) ENGINE=InnoDB AUTO_INCREMENT=21 DEFAULT CHARSET=utf8;

/*Data for the table `sys_book_type` */

insert  into `sys_book_type`(`id`,`type`,`supplement`,`img`) values (1,'计算机','无','https://img13.360buyimg.com/n2/jfs/t6130/167/771989293/235186/608d0264/592bf167Naf49f7f6.jpg'),(2,'数学','无','https://img10.360buyimg.com/n7/jfs/t1/43273/22/6885/205800/5d0887e3E0220300a/2f8899533ce0060e.jpg'),(3,'英语','无','https://img13.360buyimg.com/n1/s200x200_jfs/t1/16923/19/10209/110434/5c861fe6E4d5ca26c/f096adeddc3897b4.jpg'),(4,'原版书','无','https://img10.360buyimg.com/n2/jfs/t751/83/978033592/55356/41b246f2/550fa112Naa9e47f2.jpg'),(5,'法律','无','https://img11.360buyimg.com/n2/jfs/t1/112002/12/8861/206741/5ed34324Ea1e06388/d4dac59ffde42c36.jpg'),(6,'文学','无','https://img11.360buyimg.com/n2/jfs/t1/115800/7/11521/168011/5efd502bE35e0e166/29dc49b57e724528.jpg'),(7,'童书','无','https://img10.360buyimg.com/n2/jfs/t1/109357/28/8559/269520/5e699be8E454165c5/c341273b6cca4885.jpg.webp'),(8,'教材教辅','无','https://img12.360buyimg.com/n1/s200x200_jfs/t1/92109/20/10243/197980/5e185974Efa6d9f46/d38957e150bfa528.jpg'),(9,'经营励志','无','https://img13.360buyimg.com/n2/jfs/t1/8146/1/12459/224188/5c34464cE94474213/6a2383acd0caaa20.jpg'),(10,'艺术','无','https://img10.360buyimg.com/n2/jfs/t1/87515/12/13553/138458/5e59c68fE8422aea0/0dd4d0319cc3948b.jpg'),(11,'科学技术','无','https://img14.360buyimg.com/n2/jfs/t22768/361/2640551942/174733/8d3a500d/5b8a4ae0Ncf2c12c4.jpg'),(12,'政治军事','无','https://img10.360buyimg.com/n2/jfs/t1/100325/7/270/332730/5da9d991E7ba8bbde/c00f8b29c015d880.jpg'),(13,'传记','无','https://img11.360buyimg.com/n1/s200x200_jfs/t1270/255/1452364868/208688/8a6b6743/572c698dN0f9a3440.jpg'),(14,'手工游戏','无','https://img14.360buyimg.com/n1/s200x200_jfs/t1/112587/8/13299/484310/5f1d1842E2cb348b6/7c593b73a77e67f9.jpg'),(15,'书法','无','https://img10.360buyimg.com/n1/s200x200_jfs/t11482/176/1261957082/264245/1f4f4313/59ffd31fN69f4bfa5.jpg'),(16,'绘画','无','https://img13.360buyimg.com/n2/jfs/t17443/291/2027088687/178730/84da783b/5ae42177N4cd202a7.jpg'),(17,'烹饪美食','无','https://img10.360buyimg.com/n1/s200x200_g9/M00/11/0B/rBEHaVDX2x4IAAAAAAiaHzfGoiIAADZHwLsGzAACJo3523.jpg'),(18,'国学古籍','无','https://img10.360buyimg.com/n1/s200x200_g15/M02/16/11/rBEhWFKJiXcIAAAAAAYpnmfSkvkAAFnBgF7dHcABim2200.jpg'),(19,'医学','无','https://img11.360buyimg.com/n2/jfs/t30802/238/1227068679/140226/a6a4d7e0/5cda72c4N42c162a2.jpg'),(20,'字典词典','无','https://img10.360buyimg.com/n2/jfs/t5602/297/3129967787/297801/b02e5c07/5937718bN6d4c1b7d.jpg');

/*Table structure for table `undo_log` */

DROP TABLE IF EXISTS `undo_log`;

CREATE TABLE `undo_log` (
  `id` bigint(20) NOT NULL AUTO_INCREMENT COMMENT 'increment id',
  `branch_id` bigint(20) NOT NULL COMMENT 'branch transaction id',
  `xid` varchar(100) NOT NULL COMMENT 'global transaction id',
  `context` varchar(128) NOT NULL COMMENT 'undo_log context,such as serialization',
  `rollback_info` longblob NOT NULL COMMENT 'rollback info',
  `log_status` int(11) NOT NULL COMMENT '0:normal status,1:defense status',
  `log_created` datetime NOT NULL COMMENT 'create datetime',
  `log_modified` datetime NOT NULL COMMENT 'modify datetime',
  PRIMARY KEY (`id`),
  UNIQUE KEY `ux_undo_log` (`xid`,`branch_id`)
) ENGINE=InnoDB DEFAULT CHARSET=utf8 COMMENT='AT transaction mode undo table';

/*Data for the table `undo_log` */

/*!40101 SET SQL_MODE=@OLD_SQL_MODE */;
/*!40014 SET FOREIGN_KEY_CHECKS=@OLD_FOREIGN_KEY_CHECKS */;
/*!40014 SET UNIQUE_CHECKS=@OLD_UNIQUE_CHECKS */;
/*!40111 SET SQL_NOTES=@OLD_SQL_NOTES */;
